SiteID;CoreID;Ecosystem;Specie;Min.D;Max.D;Age;DBD;OM;OC;Centro;h;POC
Santa Maria;SM05;Seagrass;Posidonia oceanica;0;1;0.2;0.760214029;9.306260575;3.9031991;0.5;0.5;0.014836334
Santa Maria;SM05;Seagrass;Posidonia oceanica;1;5.414225104;1.6;0.138975334;5.292116847;2.4358153;3.207112552;2.707112552;0.00916407
Santa Maria;SM05;Seagrass;Posidonia oceanica;5.414225104;9.899964762;4.1;0.160766815;7.105943152;2.8348305;7.657094933;4.449982381;0.020280647
Santa Maria;SM05;Seagrass;Posidonia oceanica;9.899964762;13.98844847;6.74;0.144620825;6.943218594;3.2378907;11.94420662;4.287111683;0.020075105
Santa Maria;SM05;Seagrass;Posidonia oceanica;13.98844847;17.72494992;9.32;0.188588067;13.79552523;6.0802278;15.8566992;3.912492579;0.044862925
Santa Maria;SM05;Seagrass;Posidonia oceanica;17.72494992;21.14958314;11.875;0.213130323;10.27133695;4.032785;19.43726653;3.580567335;0.03077529
Santa Maria;SM05;Seagrass;Posidonia oceanica;21.14958314;24.29789051;14.5;0.226465874;8.142717498;3.4128236;22.72373683;3.286470295;0.025400737
Santa Maria;SM05;Seagrass;Posidonia oceanica;24.29789051;27.2013638;17.425;0.282654243;7.169005491;2.6992569;25.74962716;3.02589033;0.023086224
Santa Maria;SM05;Seagrass;Posidonia oceanica;27.2013638;29.88790577;20.825;0.311816295;8.422619048;3.9116181;28.54463479;2.79500763;0.034090883
Santa Maria;SM05;Seagrass;Posidonia oceanica;29.88790577;32.38223923;24.2;0.358026934;5.400241352;2.7068213;31.1350725;2.590437715;0.025104319
Santa Maria;SM05;Seagrass;Posidonia oceanica;32.38223923;34.70626942;28.175;0.410114744;5.757693052;2.6475516;33.54425433;2.409181825;0.026158895
Santa Maria;SM05;Seagrass;Posidonia oceanica;34.70626942;36.87940514;32.5;0.43019613;6.359300477;2.3237749;35.79283728;2.248582955;0.022478611
Santa Maria;SM05;Seagrass;Posidonia oceanica;36.87940514;38.91884322;36.33333333;0.452489433;8.872598584;4.6634262;37.89912418;2.1062869;0.044445836
Santa Maria;SM05;Seagrass;Posidonia oceanica;38.91884322;40.83982066;40.66666667;0.470795453;5.611008819;2.7275601;39.87933194;1.98020776;0.025428301
Santa Maria;SM05;Seagrass;Posidonia oceanica;40.83982066;42.65583795;45.63333333;0.595279687;5.489285337;2.8838241;41.74782931;1.868497365;0.032076156
Santa Maria;SM05;Seagrass;Posidonia oceanica;42.65583795;44.37885698;50.25;0.603366931;6.713561601;4.3271529;43.51734747;1.76951816;0.046199659
Santa Maria;SM05;Seagrass;Posidonia oceanica;44.37885698;46.01947639;55.73333333;0.539471444;6.087219867;2.7389203;45.19916669;1.68181922;0.024850044
Santa Maria;SM05;Seagrass;Posidonia oceanica;46.01947639;47.58708694;65.06666667;0.722134096;4.718473709;2.2722762;46.80328167;1.60411498;0.026321732
Santa Maria;SM05;Seagrass;Posidonia oceanica;47.58708694;49.09000917;72.05;0.865899815;3.674832962;2.012599;48.33854806;1.53526639;0.026755227
Santa Maria;SM05;Seagrass;Posidonia oceanica;49.09000917;50.53561534;78.1;0.786149614;4.469381832;2.1474267;49.81281226;1.4742642;0.024888509
Santa Maria;SM05;Seagrass;Posidonia oceanica;51.93043755;53.28026343;86.4;0.568460482;4.715590922;2.2095763;52.60535049;2.792538235;0.035075867
Santa Maria;SM05;Seagrass;Posidonia oceanica;54.59022103;55.864854;94.75;1.26394285;2.618153817;1.2050332;55.22753752;2.622187025;0.03993835
Santa Maria;SM05;Seagrass;Posidonia oceanica;57.10818814;58.32379044;100.3;1.06678087;2.616769837;1.3717506;57.71598929;2.488451775;0.036414941
Santa Maria;SM05;Seagrass;Posidonia oceanica;59.51482141;60.68408133;108.7;1.321510087;3.598945661;1.727689;60.09945137;2.38346208;0.054418216
Santa Maria;SM05;Seagrass;Posidonia oceanica;61.83405137;62.96692992;114.3;1.345959462;3.011047023;1.7461939;62.40049065;2.301039275;0.054081469
Santa Maria;SM05;Seagrass;Posidonia oceanica;64.08466483;65.18898195;119.8;1.073176135;2.367541766;1.6257191;64.63682339;2.236332745;0.039016916
Santa Maria;SM05;Seagrass;Posidonia oceanica;66.28141047;67.36330527;125.4;1.28770232;2.968260188;1.8607938;66.82235787;2.18553448;0.052368652
Santa Maria;SM05;Seagrass;Posidonia oceanica;68.43586685;69.50015887;132.4;1.086281394;3.68512642;2.3724104;68.96801286;2.14565499;0.055295788
Santa Maria;SM05;Seagrass;Posidonia oceanica;70.55712378;71.60759663;139.4;1.13098395;4.794725802;2.6312748;71.08236021;2.114347345;0.062921488
Santa Maria;SM05;Seagrass;Posidonia oceanica;72.65231729;73.69194131;145.1;1.002838156;6.135442794;3.9450159;73.1721293;2.089769095;0.082675706
Santa Maria;SM05;Seagrass;Posidonia oceanica;74.72704954;75.75815662;150.75;0.804427143;9.621958576;3.9497433;75.24260308;2.07047378;0.065784764
Santa Maria;SM05;Seagrass;Posidonia oceanica;76.78571856;77.81013936;156.4;0.646018401;7.619125061;3.7464415;77.29792896;2.05532588;0.049744439
Santa Maria;SM05;Seagrass;Posidonia oceanica;78.83177703;79.85094874;162.15;1.086670021;4.984486037;3.5734481;79.34136289;2.043433925;0.079349787
Santa Maria;SM10;Seagrass;Posidonia oceanica;0.81805057;2.956615224;1.666666667;0.395156745;9.580604165;2.5266719;1.887332897;1.887332897;0.018843725
Santa Maria;SM10;Seagrass;Posidonia oceanica;2.956615224;5.048350464;3.3;0.439516774;8.830503652;2.4556664;4.002482844;2.115149947;0.022828952
Santa Maria;SM10;Seagrass;Posidonia oceanica;5.048350464;7.095182395;5.2;0.471026049;8.364913578;2.2996791;6.07176643;2.069283586;0.022414661
Santa Maria;SM10;Seagrass;Posidonia oceanica;7.095182395;9.098957898;7.4;0.402382662;8.325819056;2.7321947;8.097070147;2.025303717;0.022265942
Santa Maria;SM10;Seagrass;Posidonia oceanica;9.098957898;11.06144789;9.633333333;0.509181917;6.645038595;1.6555275;10.08020289;1.983132748;0.016717108
Santa Maria;SM10;Seagrass;Posidonia oceanica;12.98435047;14.86929385;14.4;0.596415485;6.40788663;1.5435697;13.92682216;3.846619266;0.035412318
Santa Maria;SM10;Seagrass;Posidonia oceanica;14.86929385;16.71783932;17.23333333;0.574659429;5.395367022;1.2363914;15.79356659;1.866744425;0.013263293
Santa Maria;SM10;Seagrass;Posidonia oceanica;16.71783932;18.53148393;20.6;0.551934057;5.73939054;1.2980468;17.62466163;1.83109504;0.013118628
Santa Maria;SM10;Seagrass;Posidonia oceanica;18.53148393;20.31166316;23.1;0.661012931;6.037000974;1.496196;19.42157355;1.79691192;0.017771547
Santa Maria;SM10;Seagrass;Posidonia oceanica;22.05975345;23.77707461;32.06666667;0.55238929;7.130746983;2.2903155;22.91841403;3.496840485;0.044240129
Santa Maria;SM10;Seagrass;Posidonia oceanica;23.77707461;25.4648922;36.15;0.605418226;4.737007215;1.1270662;24.62098341;1.702569375;0.011617421
Santa Maria;SM10;Seagrass;Posidonia oceanica;25.4648922;27.12441971;40.96666667;0.741066126;4.445334401;1.2657373;26.29465596;1.67367255;0.015698965
Santa Maria;SM10;Seagrass;Posidonia oceanica;28.7568207;30.3632109;53.1;0.805759445;3.879659643;1.027988;29.5600158;3.265359845;0.027047336
Santa Maria;SM10;Seagrass;Posidonia oceanica;30.3632109;31.94466014;58.13333333;0.916757202;4.174970108;0.9867929;31.15393552;1.59391972;0.014419387
Santa Maria;SM10;Seagrass;Posidonia oceanica;31.94466014;33.50219424;64.83333333;0.844939693;4.157728062;1.0510049;32.72342719;1.56949167;0.013937647
Santa Maria;SM10;Seagrass;Posidonia oceanica;33.50219424;35.03679684;69.85;0.847504455;4.495238095;1.4028196;34.26949554;1.54606835;0.018381143
Santa Maria;SM10;Seagrass;Posidonia oceanica;36.54941112;38.04094146;83.95;0.875052463;4.738032046;1.050765;37.29517629;3.02568075;0.027820363
Santa Maria;SM10;Seagrass;Posidonia oceanica;39.51225506;40.96418342;99.3;0.895337125;4.531460458;1.0859047;40.23821924;2.94304295;0.028613758
Santa Maria;SM10;Seagrass;Posidonia oceanica;42.39752387;43.81304093;114;0.84588769;4.343319167;0.9540612;43.1052824;2.86706316;0.02313802
Santa Maria;SM10;Seagrass;Posidonia oceanica;45.21146768;46.59350705;130;0.931866302;5.530045917;1.6143125;45.90248737;2.797204965;0.042079009
Santa Maria;SM10;Seagrass;Posidonia oceanica;47.95983306;49.311092;140.8;0.959583721;5.350772889;1.3184831;48.63546253;2.732975165;0.034577463
Santa Maria;SM10;Seagrass;Posidonia oceanica;50.64790358;51.97086203;153.85;1.092580081;4.669612372;1.3681657;51.30938281;2.673920275;0.039970578
Santa Maria;SM10;Seagrass;Posidonia oceanica;53.28053713;54.57747522;164.9;1.090942668;4.506582108;1.5865976;53.92900618;2.61962337;0.045342721
Santa Maria;SM10;Seagrass;Posidonia oceanica;55.86220018;57.13521435;175.95;1.276555631;4.501413;1.1620185;56.49870727;2.56970109;0.038118464
Santa Maria;SM10;Seagrass;Posidonia oceanica;58.39699938;59.64801713;187.0666667;1.144958324;4.223978148;0.849934;59.02250826;2.52380099;0.024560092
Santa Maria;SM10;Seagrass;Posidonia oceanica;60.88871047;62.11950404;198.8;1.234096987;4.480483782;0.9377038;61.50410726;2.481599;0.028717496
Santa Maria;SM10;Seagrass;Posidonia oceanica;65.75647488;66.95157711;223.75;1.356188805;4.248366013;0.6831591;66.354026;4.84991874;0.044934144
Santa Maria;SM10;Seagrass;Posidonia oceanica;68.13865474;69.31803783;234.3;1.337074519;4.212508673;0.6854347;68.72834629;2.37432029;0.021760106
Santa Maria;SM10;Seagrass;Posidonia oceanica;70.49004285;71.65497327;247.5;1.184959784;4.004372019;0.6132432;71.07250806;2.344161775;0.017034286
Santa Maria;SM10;Seagrass;Posidonia oceanica;72.81312006;73.96476224;261;1.136205465;3.938270368;0.6139793;73.38894115;2.31643309;0.016159591
Santa Maria;SM10;Seagrass;Posidonia oceanica;75.11016735;76.24959191;271.8;1.2689599;3.685152057;0.6298975;75.67987963;2.29093848;0.018311807
Santa Maria;SM10;Seagrass;Posidonia oceanica;79.63439197;80.75225505;298.95;1.29656744;3.509320004;0.5584968;80.19332351;4.51344388;0.032683145
Santa Maria;SM10;Seagrass;Posidonia oceanica;81.86527041;82.97363741;309.95;1.337684276;2.138377712;0.5854896;82.41945391;2.2261304;0.017435058
Santa Maria;SM10;Seagrass;Posidonia oceanica;84.07754726;85.17718327;320.95;1.457613763;1.830752751;0.5206702;84.62736527;2.207911355;0.016756635
Santa Maria;SM10;Seagrass;Posidonia oceanica;86.27272123;87.3643297;331.95;1.25055994;1.94375925;0.5607035;86.81852547;2.1911602;0.015364269
Santa Maria;SM10;Seagrass;Posidonia oceanica;88.45217029;89.53639797;345.6666667;1.3561106;2.479194043;0.6792004;88.99428413;2.175758665;0.020040279
Santa Maria;SM10;Seagrass;Posidonia oceanica;90.61716135;91.69460292;360.1;1.244201069;2.45783541;0.6295215;91.15588214;2.161598005;0.016930745
Santa Maria;SM10;Seagrass;Posidonia oceanica;97.03657357;98.09676462;395.8;1.404824366;2.761641748;0.6023852;97.5666691;6.41078696;0.05425099
Santa Maria;SM10;Seagrass;Posidonia oceanica;99.15448;100.2098215;407.7;1.359988174;3.001564333;0.5973856;99.68215075;2.115481655;0.017186963
Santa Maria;SM10;Seagrass;Posidonia oceanica;101.2628869;102.3137696;419.7;1.200377999;3.184910328;0.5176802;101.7883283;2.1061775;0.013088038
Santa Maria;SM10;Seagrass;Posidonia oceanica;103.3625595;104.4093427;431.65;1.423140309;3.264686343;0.5575551;103.8859511;2.09762285;0.0166442
Santa Maria;SM10;Seagrass;Posidonia oceanica;105.4542017;106.4972156;443.6;1.216594409;3.510082151;0.6502771;105.9757087;2.08975755;0.016532563
Santa Maria;SM10;Seagrass;Posidonia oceanica;107.5384603;108.5780087;461.6;1.430201026;3.368075661;0.5881862;108.0582345;2.08252585;0.017518718
Santa Maria;SM10;Seagrass;Posidonia oceanica;109.6159304;110.6522923;473.65;1.302762177;4.010695187;0.6039396;110.1341114;2.07587685;0.016332785
Santa Maria;SM10;Seagrass;Posidonia oceanica;111.6871587;112.7205911;486.1;1.39191194;3.886397608;0.5947008;112.2038749;2.06976355;0.017132905
Santa Maria;SM10;Seagrass;Posidonia oceanica;113.7526483;114.7833871;498.5;0.991689366;3.654518223;0.6531122;114.2680177;2.0641428;0.013369131
Santa Maria;SM10;Seagrass;Posidonia oceanica;115.8128615;116.8411237;511.35;1.25372401;3.4568888;0.6447878;116.3269926;2.0589749;0.016644464
Santa Maria;SM10;Seagrass;Posidonia oceanica;117.8682234;118.8942085;524.25;1.778589124;3.773950068;0.6190633;118.381216;2.05422335;0.022618216
Santa Maria;SM10;Seagrass;Posidonia oceanica;119.9191249;120.9430164;537.15;1.582741949;4.102306921;0.6027541;120.4310707;2.0498547;0.0195557
Santa Maria;SM10;Seagrass;Posidonia oceanica;121.9659252;122.9878918;549.95;1.460977018;4.043545879;0.5110729;122.4769085;2.04583785;0.015275571
Santa Maria;SM10;Seagrass;Posidonia oceanica;124.008955;125.0291518;562.8;1.592459611;3.826606876;0.6792788;124.5190534;2.0421449;0.022090373
Santa Maria;SM10;Seagrass;Posidonia oceanica;126.0485179;127.0670874;575.1;1.361813406;3.621574513;0.5675382;126.5578027;2.03874925;0.015757108
Santa Maria;SM10;Seagrass;Posidonia oceanica;128.0848932;129.1019666;587.25;1.536912864;3.795162433;0.5502528;128.5934299;2.03562725;0.017215108
Santa Maria;SM10;Seagrass;Posidonia oceanica;130.1183378;131.1340357;599.25;1.368104473;3.565961279;0.596889;130.6261868;2.03275685;0.016599625
Santa Maria;SM10;Seagrass;Posidonia oceanica;132.1490879;133.163521;610.75;1.517328741;3.220322977;0.6560685;132.6563045;2.0301177;0.020209245
Santa Maria;SM10;Seagrass;Posidonia oceanica;134.1773604;135.1906307;622.25;1.470209309;3.220799379;0.4991356;134.6839956;2.0276911;0.014879883
Santa Maria;SM10;Seagrass;Posidonia oceanica;136.2033551;137.2155562;633.7;1.56468859;3.685300207;0.637148;136.7094557;2.0254601;0.020192586
Santa Maria;SM10;Seagrass;Posidonia oceanica;138.2272554;139.2384734;645.3;1.649548196;1.984047856;0.5985198;138.7328644;2.02340875;0.019976857
Santa Maria;SM10;Seagrass;Posidonia oceanica;140.2492301;141.2595443;656.95;1.319198991;2.019417476;0.5522506;140.7543872;2.0215228;0.014727368
Santa Maria;SM10;Seagrass;Posidonia oceanica;142.2694343;143.2789175;668.35;1.290995179;2.395977125;0.5579453;142.7741759;2.0197887;0.014548633
Santa Maria;SM10;Seagrass;Posidonia oceanica;144.2880107;145.2967299;679.65;1.628111949;2.291528002;0.4825189;144.7923703;2.0181944;0.01585483
Santa Maria;SM10;Seagrass;Posidonia oceanica;149.3281648;150.3352324;708.25;1.526046864;2.702966432;0.3791914;149.8316986;5.0393283;0.029160771
Santa Maria;SM10;Seagrass;Posidonia oceanica;150.3352324;151.3420094;713.95;1.626539256;2.860871311;0.4714569;150.8386209;1.0069223;0.007721515
Santa Maria;SM10;Seagrass;Posidonia oceanica;152.3485075;153.3547385;725.35;1.383749014;2.462496462;0.4410213;152.851623;2.0130021;0.012284603
Santa Maria;SM10;Seagrass;Posidonia oceanica;156.3719353;157.3772026;749.15;1.723116601;2.894791451;0.4601588;156.874569;4.02294595;0.031898231
Santa Maria;SM10;Seagrass;Posidonia oceanica;158.3822533;159.3870962;761.85;1.30150921;3.298907049;0.4876491;158.8846748;2.0101058;0.012757735
Santa Maria;SM10;Seagrass;Posidonia oceanica;160.39174;161.3961927;774.5;1.219374809;2.154280339;0.509570867;160.8939664;2.0092916;0.012484892
Santa Maria;SM15;Seagrass;Posidonia oceanica;0;0.805073204;0.75;0.5231699;11.58865666;3.9959033;0.402536602;0.402536602;0.008415174
Santa Maria;SM15;Seagrass;Posidonia oceanica;0.805073204;3.009866141;1.8;0.154721445;6.359077232;2.1461337;1.907469673;1.504933071;0.004997174
Santa Maria;SM15;Seagrass;Posidonia oceanica;3.009866141;5.15704724;3.133333333;0.321032378;8.253397282;2.2415445;4.083456691;2.175987018;0.015658585
Santa Maria;SM15;Seagrass;Posidonia oceanica;5.15704724;7.249371436;4.6;0.271753007;4.927536232;1.4897443;6.203209338;2.119752648;0.008581659
Santa Maria;SM15;Seagrass;Posidonia oceanica;7.249371436;9.289461922;6.133333333;0.154125857;5.14829878;1.4606901;8.269416679;2.066207341;0.004651655
Santa Maria;SM15;Seagrass;Posidonia oceanica;9.289461922;11.27981646;7.7;0.28769866;4.249485949;1.4515293;10.28463919;2.015222512;0.00841563
Santa Maria;SM15;Seagrass;Posidonia oceanica;11.27981646;13.22281336;9.266666667;0.385539489;5.182591296;1.2031441;12.25131491;1.966675719;0.009122613
Santa Maria;SM15;Seagrass;Posidonia oceanica;13.22281336;15.12071721;10.8;0.452373683;2.339925592;1.1049352;14.17176529;1.920450375;0.009599248
Santa Maria;SM15;Seagrass;Posidonia oceanica;15.12071721;16.97568431;12.73333333;0.422593755;5.329467053;0.9898668;16.04820076;1.876435475;0.007849346
Santa Maria;SM15;Seagrass;Posidonia oceanica;16.97568431;18.78976786;15;0.467483994;3.145440554;1.4848525;17.88272609;1.834525325;0.012734262
Santa Maria;SM15;Seagrass;Posidonia oceanica;18.78976786;20.56492285;17.66666667;0.506867242;3.749759013;1.8493162;19.67734536;1.79461927;0.016822004
Santa Maria;SM15;Seagrass;Posidonia oceanica;20.56492285;22.3030108;20.8;0.372466488;9.259259259;2.8293168;21.43396683;1.75662147;0.018511728
Santa Maria;SM15;Seagrass;Posidonia oceanica;22.3030108;24.00580422;24.4;0.680071837;3.820202421;1.0440733;23.15440751;1.720440685;0.0122159
Santa Maria;SM15;Seagrass;Posidonia oceanica;24.00580422;25.67499085;29.33333333;0.544033254;3.509644064;1.3758508;24.84039754;1.685990025;0.01261978
Santa Maria;SM15;Seagrass;Posidonia oceanica;25.67499085;27.31217774;33.45;0.644481812;4.049067518;1.3832523;26.4935843;1.65318676;0.014737845
Santa Maria;SM15;Seagrass;Posidonia oceanica;27.31217774;28.91889506;37.73333333;0.636650315;4.260552986;1.8703604;28.1155364;1.621952105;0.019313647
Santa Maria;SM15;Seagrass;Posidonia oceanica;28.91889506;30.49659985;42;0.667778472;3.321250122;2.0091587;29.70774746;1.592211055;0.021362265
Santa Maria;SM15;Seagrass;Posidonia oceanica;30.49659985;32.04667945;46.76666667;0.656371122;3.827037773;1.4967582;31.27163965;1.563892195;0.015364128
Santa Maria;SM15;Seagrass;Posidonia oceanica;32.04667945;33.57045487;53.43333333;0.634403036;4.110135674;1.7297122;32.80856716;1.53692751;0.016865238
Santa Maria;SM15;Seagrass;Posidonia oceanica;33.57045487;35.06918393;58.45;0.627760663;3.632754342;1.3876928;34.3198194;1.51125224;0.013165107
Santa Maria;SM15;Seagrass;Posidonia oceanica;36.54406434;37.9962365;74.1;0.663725807;2.907662083;1.3424288;37.27015042;2.95033102;0.026287586
Santa Maria;SM15;Seagrass;Posidonia oceanica;39.4267863;40.83674769;90.63333333;0.769138818;3.058314485;1.3484456;40.131767;2.861616575;0.029679023
Santa Maria;SM15;Seagrass;Posidonia oceanica;42.2271052;43.59879624;127.8;0.832788796;3.047751415;1.3788727;42.91295072;2.781183725;0.031936603
Santa Maria;SM15;Seagrass;Posidonia oceanica;44.95271345;46.28970673;160.65;1.016704255;3.105184633;1.3037235;45.62121009;2.70825937;0.035898011
Santa Maria;SM15;Seagrass;Posidonia oceanica;47.61058537;48.91611996;198.1;0.805527577;3.016481808;1.2364445;48.26335267;2.642142575;0.02631548
Santa Maria;SM15;Seagrass;Posidonia oceanica;50.20704423;51.48405683;222.45;0.784786911;3.44489155;1.2940051;50.84555053;2.582197865;0.026222691
Santa Maria;SM15;Seagrass;Posidonia oceanica;52.747823;53.99897617;256.3;1.012679;2.662804821;1.1224635;53.37339959;2.527849055;0.028733939
Santa Maria;SM15;Seagrass;Posidonia oceanica;55.23811948;56.46582723;281.85;1.296763852;3.176188574;1.2111321;55.85197336;2.47857377;0.038927298
Santa Maria;SM15;Seagrass;Posidonia oceanica;57.68264625;58.88909723;337.1;0.846918711;0.76;1.4483447;58.28587174;2.433898385;0.029854933
Santa Maria;SM15;Seagrass;Posidonia oceanica;60.08567596;61.27285451;385.9;0.808853031;3.405000486;1.3275855;60.67926524;2.393393495;0.025700775
Santa Maria;SM15;Seagrass;Posidonia oceanica;62.4510824;63.62078763;495;0.818220017;2.790029747;1.3698473;63.03593502;2.35666978;0.026414415
Santa Maria;SM15;Seagrass;Posidonia oceanica;64.78237775;65.93624081;604.9;0.932401932;3.946179335;1.6361401;65.35930928;2.323374265;0.035444008
Santa Maria;SM15;Seagrass;Posidonia oceanica;67.08274631;68.22224609;700.7;0.758211326;3.064861012;1.3465294;67.6524962;2.29318692;0.02341238
Santa Maria;SM15;Seagrass;Posidonia oceanica;69.35507514;70.48155246;796.6;1.00054966;3.612281758;1.2275258;69.9183138;2.2658176;0.027828784
Santa Maria;SM15;Seagrass;Posidonia oceanica;71.60198178;72.7166523;940.75;0.977769004;2.972917939;1.3525285;72.15931704;2.24100324;0.029636381
Santa Maria;SM15;Seagrass;Posidonia oceanica;73.82583941;74.92980531;1037.55;0.952179054;3.225806452;1.2713546;74.37782236;2.21850532;0.026856276
Santa Maria;SM15;Seagrass;Posidonia oceanica;76.02879968;77.12306025;1085.75;0.830314517;2.248690831;1.2370434;76.57592997;2.198107605;0.022577535
Santa Maria;SM15;Seagrass;Posidonia oceanica;78.21281339;79.29827464;1117.95;0.835836888;2.947175199;1.0673899;78.75554402;2.17961405;0.019445729
Santa Maria;SM15;Seagrass;Posidonia oceanica;80.37964922;81.45713256;1147.45;1.12444808;2.867198013;0.8896081;80.91839089;2.162846875;0.021635349
Santa Maria;SM15;Seagrass;Posidonia oceanica;82.53091074;83.60116093;1176.5;1.014305142;2.99803577;1.0512361;83.06603584;2.147644945;0.022899784
Santa Maria;SM15;Seagrass;Posidonia oceanica;84.66805183;85.73174409;1195.6;0.512082053;2.806620746;1.0446061;85.19989796;2.133862125;0.011414541
Santa Maria;SM15;Seagrass;Posidonia oceanica;86.79239066;87.85013717;1214.1;1.02215374;3.41617982;0.9999522;87.32126392;2.121365955;0.021682585
Santa Maria;SM15;Seagrass;Posidonia oceanica;88.90512231;89.95747813;1233;0.794186286;3.213262382;1.1142673;89.43130022;2.110036305;0.018672467
Santa Maria;SM15;Seagrass;Posidonia oceanica;91.00733034;92.05479869;1259.6;1.063039044;2.914955424;0.8884462;91.53106452;2.099764295;0.019831287
Santa Maria;SM15;Seagrass;Posidonia oceanica;93.09999714;94.14303426;1289.2;0.967024696;2.658788774;1.1354211;93.6215157;2.090451185;0.022952741
Santa Maria;SM15;Seagrass;Posidonia oceanica;95.1840134;96.22303296;1323;0.946886973;2.997112417;1.1578713;95.70352318;2.08200748;0.022826573
Santa Maria;SM15;Seagrass;Posidonia oceanica;97.26018664;98.29556368;1369.2;1.156005391;3.463203463;1.4031611;97.77787516;2.07435198;0.033647271
Santa Maria;SM15;Seagrass;Posidonia oceanica;99.32924903;100.3613236;1414.15;0.722014027;3.054435484;1.3629499;99.84528632;2.067411155;0.020344751
Santa Maria;SM15;Seagrass;Posidonia oceanica;101.3918644;102.4209447;1460.7;0.921255399;;1.5463897;101.9064046;2.061118235;0.0293631
Santa Maria;SM15;Seagrass;Posidonia oceanica;103.4486345;104.4750002;1507.8;0.806197581;3.160133698;1.3645732;103.9618174;2.0554128;0.022611917
Santa Maria;SM15;Seagrass;Posidonia oceanica;105.5001051;106.5240095;1566.1;0.766217764;2.556558791;1.1069074;106.0120573;2.05023995;0.017388743
Santa Maria;SM15;Seagrass;Posidonia oceanica;107.5467708;108.5684437;1596.9;1.088535485;1.661569827;1.0066645;108.0576073;2.04554995;0.022414932
Santa Maria;SM15;Seagrass;Posidonia oceanica;109.5890803;110.60873;1625.75;1.218039956;1.964057743;0.9499612;110.0989052;2.0412979;0.023619668
Santa Maria;SM15;Seagrass;Posidonia oceanica;111.6274401;112.6452555;1648.2;1.197483687;2.977692541;0.8676505;112.1363478;2.03744265;0.021168975
Santa Maria;SM15;Seagrass;Posidonia oceanica;113.6622189;114.6783712;1670.8;1.036208937;2.212082135;1.0365024;114.1702951;2.03394725;0.021845266
Santa Maria;SM15;Seagrass;Posidonia oceanica;115.6937512;116.7083956;1692.35;1.03863147;2.748796148;0.9141543;116.2010734;2.03077835;0.01928162
Santa Maria;SM15;Seagrass;Posidonia oceanica;117.7223398;118.7356172;1713.65;1.190924267;2.336680919;0.9226222;118.2289785;2.0279051;0.022282077
Santa Maria;SM15;Seagrass;Posidonia oceanica;119.7482597;120.7602977;1735.3;1.320060457;2.393927598;1.057595;120.2542787;2.0253002;0.028275
Santa Maria;SM15;Seagrass;Posidonia oceanica;121.7717599;122.7826741;1757.8;1.075337433;1.792347697;1.0130509;122.277217;2.0229383;0.022037314
Santa Maria;SM15;Seagrass;Posidonia oceanica;123.7930664;124.8029617;1780.65;0.865447308;1.86896902;0.9217996;124.2980141;2.02079705;0.016121292
Santa Maria;SM15;Seagrass;Posidonia oceanica;125.8123839;126.8213555;1803.25;0.952618492;2.780546143;1.034875;126.3168697;2.01885565;0.019902708
Santa Maria;SM15;Seagrass;Posidonia oceanica;127.8298981;128.8380321;1825.65;1.068060046;2.278970394;0.8527584;128.3339651;2.0170954;0.018371648
Santa Maria;SM15;Seagrass;Posidonia oceanica;129.8457773;130.853152;1847.75;0.898997159;2.187669499;0.965969;130.3494647;2.01549955;0.017502666
Santa Maria;SM15;Seagrass;Posidonia oceanica;131.8601741;132.8668604;1869.2;0.511239335;1.472452462;0.8946806;132.3635173;2.0140526;0.009212194
Santa Maria;SM15;Seagrass;Posidonia oceanica;133.873227;134.8792892;1889.95;1.027508056;1.99019053;0.8084354;134.3762581;2.01274085;0.016719313
Santa Maria;SM15;Seagrass;Posidonia oceanica;135.8850614;136.8905576;1912.85;0.589108336;2.227848101;0.922624;136.3878095;2.0115514;0.010933295
Santa Maria;SM25;Seagrass;Posidonia oceanica;1.012817825;2.241792338;;1.355343998;2.730174731;1.60193;1.627305082;1.627305082;0.035331498
Santa Maria;SM25;Seagrass;Posidonia oceanica;2.241792338;3.460254034;;1.356730257;2.064663504;1.2174056;2.851023186;1.223718105;0.020212042
Santa Maria;SM25;Seagrass;Posidonia oceanica;3.460254034;4.668685586;;1.273645779;2.527179096;1.0992383;4.06446981;1.213446624;0.016988741
Santa Maria;SM25;Seagrass;Posidonia oceanica;4.668685586;5.867547502;;1.274268429;2.798489397;1.1624984;5.268116544;1.203646734;0.01783004
Santa Maria;SM25;Seagrass;Posidonia oceanica;5.867547502;7.057279151;;1.410143503;2.566088893;1.0143869;6.462413327;1.194296783;0.017083593
Santa Maria;SM25;Seagrass;Posidonia oceanica;7.057279151;8.238299726;;1.42835941;1.673789174;1.0445141;7.647789439;1.185376112;0.017685119
Santa Maria;SM25;Seagrass;Posidonia oceanica;8.238299726;9.411009175;;1.009479633;2.640487475;1.0598292;8.824654451;1.176865012;0.012590996
Santa Maria;SM25;Seagrass;Posidonia oceanica;9.411009175;10.57578908;;1.105978185;3.072421361;1.0736841;9.993399128;1.168744677;0.013878506
Santa Maria;SM25;Seagrass;Posidonia oceanica;10.57578908;11.73300352;;1.114914603;3.376800311;1.2654114;11.1543963;1.160997173;0.016379646
Santa Maria;SM25;Seagrass;Posidonia oceanica;11.73300352;12.88299983;;1.325578238;2.863799631;1.5238119;12.30800168;1.153605375;0.023302043
Santa Maria;SM25;Seagrass;Posidonia oceanica;12.88299983;14.02610942;;1.146546562;3.564247852;1.4581832;13.45455463;1.14655295;0.019168931
Santa Maria;SM25;Seagrass;Posidonia oceanica;14.02610942;15.16264847;;1.164709645;3.862851068;1.5451215;14.59437895;1.13982432;0.020512483
Santa Maria;SM25;Seagrass;Posidonia oceanica;15.16264847;16.29291867;;1.320366256;3.822283519;1.5774759;15.72778357;1.133404625;0.023607072
Santa Maria;SM25;Seagrass;Posidonia oceanica;16.29291867;17.41720782;;1.06961089;3.510612541;1.5996878;16.85506325;1.127279675;0.019288246
Santa Maria;SM25;Seagrass;Posidonia oceanica;17.41720782;18.53579053;;1.306508071;4.480475871;1.6284586;17.97649918;1.12143593;0.023859607
Santa Maria;SM25;Seagrass;Posidonia oceanica;18.53579053;19.6489288;;1.02892606;5.588320603;2.3009056;19.09235967;1.11586049;0.02641757
Santa Maria;SM25;Seagrass;Posidonia oceanica;19.6489288;20.75687259;;1.081919339;5.164992826;1.8693046;20.2029007;1.11054103;0.02245999
Santa Maria;SM25;Seagrass;Posidonia oceanica;20.75687259;21.85986041;;1.208788961;4.147143854;1.8472593;21.3083665;1.105465805;0.024684462
Santa Maria;SM25;Seagrass;Posidonia oceanica;21.85986041;22.95811979;;1.25474139;4.181600956;1.6527833;22.4089901;1.1006236;0.022824904
Santa Maria;SM25;Seagrass;Posidonia oceanica;24.05186782;25.14131164;;1.329690128;3.429342067;1.2653801;24.59658973;2.18759963;0.036807751
Santa Maria;SM25;Seagrass;Posidonia oceanica;26.22664886;27.30806803;;1.535716859;3.834461116;1.1039788;26.76735845;2.170768715;0.036803188
Santa Maria;SM25;Seagrass;Posidonia oceanica;28.38574903;29.45986349;;1.341093594;2.628401597;1.1726988;28.92280626;2.155447815;0.033898703
Santa Maria;SM25;Seagrass;Posidonia oceanica;30.53057516;31.59804028;;1.147901549;2.830728174;1.3505124;31.06430772;2.14150146;0.033198739
Santa Maria;SM25;Seagrass;Posidonia oceanica;32.6624079;33.72382024;;1.267039943;3.053650287;1.4478946;33.19311407;2.12880635;0.03905381
Santa Maria;SM25;Seagrass;Posidonia oceanica;34.78241297;35.83831556;;1.695200514;2.982263381;1.3706892;35.31036427;2.117250195;0.049196278
Santa Maria;SM25;Seagrass;Posidonia oceanica;36.89165152;37.94253868;;1.466728174;2.435150873;1.4641451;37.4170951;2.106730835;0.045242105
Santa Maria;SM25;Seagrass;Posidonia oceanica;38.99108948;40.03741119;;1.318607767;2.784759224;1.2116208;39.51425034;2.097155235;0.033505255
Santa Maria;SM25;Seagrass;Posidonia oceanica;41.08160614;42.123772;;1.23319874;3.449283835;1.4987389;41.60268907;2.088438735;0.038599421
Santa Maria;SM25;Seagrass;Posidonia oceanica;43.1640019;44.20238475;;1.122558288;2.812831134;1.1581585;43.68319333;2.080504255;0.027048645
Santa Maria;SM25;Seagrass;Posidonia oceanica;45.23900534;46.27394459;;1.500555251;2.153875094;1.3497682;45.75647497;2.07328164;0.041992283
Santa Maria;SM25;Seagrass;Posidonia oceanica;47.30727968;48.33908428;;1.678417275;2.724252492;1.3894393;47.82318198;2.066707015;0.048196825
Santa Maria;SM25;Seagrass;Posidonia oceanica;49.36942864;50.39837981;;1.535927157;3.179954442;1.7432875;49.88390423;2.060722245;0.055177128
Santa Maria;SM25;Seagrass;Posidonia oceanica;51.42600176;52.45235551;;1.495857533;2.919124263;1.1756912;51.93917864;2.05527441;0.036145423
Santa Maria;SM25;Seagrass;Posidonia oceanica;53.47749929;54.50148866;;1.31618188;2.163529081;1.2479658;53.98949398;2.05031534;0.033677454
Santa Maria;SM25;Seagrass;Posidonia oceanica;55.52437661;56.54621372;;1.593646928;2.874475035;1.3173436;56.03529517;2.04580119;0.042949153
Santa Maria;SM25;Seagrass;Posidonia oceanica;57.56704823;58.58692617;;1.36716969;3.422294844;1.588003;58.0769872;2.041692035;0.044326554
Santa Maria;SM25;Seagrass;Posidonia oceanica;59.60589147;60.62398602;;1.713857104;3.642719161;1.5887282;60.11493875;2.037951545;0.055490427
Santa Maria;SM25;Seagrass;Posidonia oceanica;61.6412498;62.65772095;;1.639596165;2.413461538;1.4181735;62.14948538;2.03454663;0.047307926
Santa Maria;SM25;Seagrass;Posidonia oceanica;63.67343587;64.68842928;;1.701779053;2.83560353;1.1387327;64.18093258;2.0314472;0.039366835
Santa Maria;SM25;Seagrass;Posidonia oceanica;65.70273431;66.71638255;;1.830352149;3.188646208;1.39334;66.20955843;2.028625855;0.051736103
Santa Maria;SM25;Seagrass;Posidonia oceanica;67.72940416;68.74182792;;1.738170497;3.059566787;1.4357478;68.23561604;2.02605761;0.050561776
Santa Maria;SM25;Seagrass;Posidonia oceanica;69.75368127;70.76499041;;1.502870084;2.508313539;1.6158654;70.25933584;2.0237198;0.049144735
Santa Maria;SM25;Seagrass;Posidonia oceanica;71.77578031;72.78607482;;1.810526548;2.667546423;1.2081247;72.28092757;2.021591725;0.044219122
Santa Maria;SM25;Seagrass;Posidonia oceanica;75.81420827;76.82273845;;1.663699242;6.517135156;1.616981;76.31847336;4.037545795;0.108616848
Santa Maria;SM25;Seagrass;Posidonia oceanica;77.83087699;78.83864187;;1.628053311;2.403542062;1.3309701;78.33475943;2.01628607;0.043690707
Santa Maria;SM25;Seagrass;Posidonia oceanica;79.84605024;80.85311847;;1.521675733;2.664470497;1.1258609;80.34958436;2.014824925;0.034517884
Santa Maria;SM25;Seagrass;Posidonia oceanica;81.85986218;82.86629628;;1.393142867;3.095882176;1.1420497;82.36307923;2.013494875;0.032035477
Santa Maria;SM25;Seagrass;Posidonia oceanica;83.87243496;84.87829181;;1.440571235;3.259538389;1.1034675;84.37536339;2.012284155;0.031987743
Santa Maria;SM25;Seagrass;Posidonia oceanica;85.88387975;86.88921113;;1.326784517;3.277734678;1.212075;86.38654544;2.011182055;0.032343072
Santa Maria;SM25;Seagrass;Posidonia oceanica;87.89429773;88.8991508;;1.578254222;1.993093241;1.0186252;88.39672427;2.010178825;0.03231663
Es Port;EP05;Seagrass;Posidonia oceanica;0;1.007282505;0.45;0.37054442;20.03844746;11.0047184;0.503641253;0.503641253;0.020537166
Es Port;EP05;Seagrass;Posidonia oceanica;1.007282505;2.523106457;1.8;0.39225551;13.14648945;7.3011205;1.765194481;1.261553229;0.036129683
Es Port;EP05;Seagrass;Posidonia oceanica;2.523106457;4.012303584;3.1;0.305829585;10.72715709;6.4576991;3.267705021;1.50251054;0.029673914
Es Port;EP05;Seagrass;Posidonia oceanica;4.012303584;5.47624836;4.5;0.471182444;7.282415631;5.5803766;4.744275972;1.476570952;0.038824595
Es Port;EP05;Seagrass;Posidonia oceanica;5.47624836;6.916244314;7.4;0.538266063;8.732978094;5.7486972;6.196246337;1.451970365;0.044928734
Es Port;EP05;Seagrass;Posidonia oceanica;6.916244314;8.333527681;10.3;0.492940977;10.15338289;5.8538898;7.624885998;1.428639661;0.041225143
Es Port;EP05;Seagrass;Posidonia oceanica;8.333527681;9.729270887;13.4;0.403500576;9.647779479;5.879824;9.031399284;1.406513287;0.033369702
Es Port;EP05;Seagrass;Posidonia oceanica;9.729270887;11.10458583;16.6;0.361099058;11.72487182;6.531203;10.41692836;1.385529075;0.032676474
Es Port;EP05;Seagrass;Posidonia oceanica;11.10458583;12.46052703;18.75;0.338200641;12.66268715;7.5330046;11.78255643;1.365628072;0.034791656
Es Port;EP05;Seagrass;Posidonia oceanica;12.46052703;13.79809454;22.3;0.442367722;9.340554922;5.5268564;13.12931079;1.346754355;0.032926836
Es Port;EP05;Seagrass;Posidonia oceanica;13.79809454;15.11823682;26.05;0.524193577;10.75547866;6.1033075;14.45816568;1.328854895;0.042514249
Es Port;EP05;Seagrass;Posidonia oceanica;15.11823682;16.42185336;28.6;0.547188795;11.35510511;6.1954808;15.77004509;1.31187941;0.044473993
Es Port;EP05;Seagrass;Posidonia oceanica;16.42185336;17.70979722;33.63333333;0.656567856;8.600795113;5.6231828;17.06582529;1.2957802;0.047840219
Es Port;EP05;Seagrass;Posidonia oceanica;17.70979722;18.98287742;39.25;0.457641814;11.49618774;6.6720817;18.34633732;1.28051203;0.039099456
Es Port;EP05;Seagrass;Posidonia oceanica;18.98287742;20.24186123;43;0.481263247;12.41999814;6.8386069;19.61236933;1.266032005;0.041667268
Es Port;EP05;Seagrass;Posidonia oceanica;20.24186123;21.48747629;47.9;0.475762275;10.90891585;7.7197484;20.86466876;1.252299435;0.045994016
Es Port;EP05;Seagrass;Posidonia oceanica;21.48747629;22.72041271;56.83333333;0.491057482;9.383145091;4.8267591;22.1039445;1.23927574;0.029373514
Es Port;EP05;Seagrass;Posidonia oceanica;22.72041271;23.94132495;65.8;0.660906806;7.686608631;6.1638123;23.33086883;1.22692433;0.049981284
Es Port;EP05;Seagrass;Posidonia oceanica;23.94132495;25.15083371;72.8;0.575166207;6.404547608;4.338869;24.54607933;1.2152105;0.030326439
Es Port;EP05;Seagrass;Posidonia oceanica;25.15083371;26.34952762;80.85;0.726487331;6.285150469;4.6858645;25.75018067;1.204101335;0.040990273
Es Port;EP05;Seagrass;Posidonia oceanica;27.53796496;28.71667517;106;0.643349248;7.082452431;4.5702936;28.12732007;2.3771394;0.06989491
Es Port;EP05;Seagrass;Posidonia oceanica;29.88616036;31.04689672;125.85;0.521463972;8.231053965;5.363643;30.46652854;2.339208475;0.065426412
Es Port;EP05;Seagrass;Posidonia oceanica;32.19933587;33.34390612;143.65;0.549250407;7.453895916;4.3311786;32.771621;2.305092455;0.054835881
Es Port;EP05;Seagrass;Posidonia oceanica;34.48101365;35.6110437;157.7666667;0.632573737;9.352728693;5.1371193;35.04602868;2.27440768;0.073909306
Es Port;EP05;Seagrass;Posidonia oceanica;36.73436159;37.85131382;172.65;0.701982835;8.643503094;5.1534433;37.29283771;2.24680903;0.081281209
Es Port;EP05;Seagrass;Posidonia oceanica;38.96222897;40.06741869;184.8;0.615508653;10.51540563;5.520886;39.51482383;2.221986125;0.075506491
Es Port;EP05;Seagrass;Posidonia oceanica;41.16717851;42.26178873;197.05;0.658017083;9.270311898;5.2796519;41.71448362;2.19965979;0.076418406
Es Port;EP05;Seagrass;Posidonia oceanica;43.35151518;44.43660994;209.35;0.683306927;8.621840725;5.1449791;43.89406256;2.17957894;0.076625274
Es Port;EP05;Seagrass;Posidonia oceanica;45.51731212;46.59384845;229;0.780793013;7.299197782;4.1245484;46.05558029;2.161517725;0.069609918
Es Port;EP05;Seagrass;Posidonia oceanica;47.66643397;48.73527264;242.4;0.866747725;7.810475662;4.9308842;48.20085331;2.14527302;0.091685379
Es Port;EP05;Seagrass;Posidonia oceanica;49.80055785;50.86247303;256.1;0.71400241;7.632573822;4.2267074;50.33151544;2.130662135;0.064300811
Es Port;EP05;Seagrass;Posidonia oceanica;51.92119216;52.97688021;269.85;0.80932964;6.842352941;4.1064148;52.44903619;2.117520745;0.070374599
Es Port;EP05;Seagrass;Posidonia oceanica;54.02969364;55.07978084;283.9;0.835349774;6.966701852;4.3650665;54.55473724;2.105701055;0.076781384
Es Port;EP05;Seagrass;Posidonia oceanica;56.12728254;57.17233221;298.8;0.841904798;6.202990064;4.2588924;56.64980738;2.095070135;0.075120457
Es Port;EP05;Seagrass;Posidonia oceanica;58.21505641;59.25557519;315.85;0.897827546;5.666171372;4.5057287;58.7353158;2.085508425;0.084366477
Es Port;EP05;Seagrass;Posidonia oceanica;60.29400239;61.33044598;333.2;0.926138689;5.271243399;3.8859315;60.81222419;2.076908385;0.074746095
Es Port;EP05;Seagrass;Posidonia oceanica;62.36500835;63.39778661;1420.2;0.904660205;6.124763705;3.6790513;62.88139748;2.069173295;0.068868115
Es Port;EP05;Seagrass;Posidonia oceanica;64.42887285;65.45835443;1438.55;1.170732809;4.891956783;3.6966521;64.94361364;2.06221616;0.089248424
Es Port;EP05;Seagrass;Posidonia oceanica;66.48631417;67.51283062;1461.433333;0.943796565;4.274325233;3.4899358;66.9995724;2.055958755;0.067718952
Es Port;EP05;Seagrass;Posidonia oceanica;68.5379783;69.56182786;1484.3;0.975222201;5.914449966;4.3904335;69.04990308;2.050330685;0.087787947
Es Port;EP05;Seagrass;Posidonia oceanica;70.5844463;71.60589717;1502.4;0.892553366;5.558172398;3.4930442;71.09517174;2.045268655;0.063765921
Es Port;EP05;Seagrass;Posidonia oceanica;72.62624076;73.6455342;1520.4;0.874371301;4.988146041;4.1693478;73.13588748;2.040715745;0.074395477
Es Port;EP05;Seagrass;Posidonia oceanica;74.66383172;75.68118473;1538.45;0.949631988;6.766917293;4.4746696;75.17250823;2.036620745;0.086541909
Es Port;EP05;Seagrass;Posidonia oceanica;76.69764197;77.71324968;1556.15;0.865484357;5.463688231;4.2379436;77.20544583;2.0329376;0.074565587
Es Port;EP05;Seagrass;Posidonia oceanica;78.72805173;79.7420897;1573.95;0.988266028;5.743879473;4.6699439;79.23507072;2.02962489;0.09367017
Es Port;EP05;Seagrass;Posidonia oceanica;80.75540302;81.76802912;1591.55;0.975942605;5.557066449;3.4148317;81.26171607;2.026645355;0.067541599
Es Port;EP05;Seagrass;Posidonia oceanica;82.78000345;83.79135967;1609.05;0.837232604;5.095238095;3.4265468;83.28568156;2.02396549;0.05806386
Es Port;EP05;Seagrass;Posidonia oceanica;84.80212968;85.81234375;1626.25;0.852707413;4.390382971;3.8035382;85.30723672;2.021555155;0.065565204
Es Port;EP05;Seagrass;Posidonia oceanica;86.82203056;87.83121734;1643.3;0.925161605;4.87987988;3.4531204;87.32662395;2.019387235;0.064513251
Es Port;EP05;Seagrass;Posidonia oceanica;88.8399299;89.84819271;1660.75;1.234992204;5.223119028;3.9545824;89.34406131;2.017437355;0.098529188
Es Port;EP05;Seagrass;Posidonia oceanica;90.856029;91.86346079;1678.15;1.008295526;4.682209539;3.5549225;91.3597449;2.01568359;0.072250414
Es Port;EP05;Seagrass;Posidonia oceanica;92.87050894;93.87719327;1695.35;0.811672849;4.523721957;3.5620834;93.37385111;2.01410621;0.058232773
Es Port;EP05;Seagrass;Posidonia oceanica;94.88353255;95.8895446;1712.4;0.764944849;4.413619168;3.1270115;95.38653858;2.01268747;0.04814331
Es Port;EP05;Seagrass;Posidonia oceanica;96.8952463;97.90065369;1729.8;1.34821106;4.091251885;2.8401926;97.39795;2.01141142;0.077020545
